dt,target
2021-12-23 10:00:00.000,729.272552
2021-12-23 09:00:00.000,733.970884
2021-12-23 08:00:00.000,639.688481
2021-12-23 07:00:00.000,545.439206
2021-12-23 06:00:00.000,489.518965
2021-12-23 05:00:00.000,452.90309
2021-12-23 04:00:00.000,434.917145
2021-12-23 03:00:00.000,443.00958
2021-12-23 02:00:00.000,461.018705
2021-12-23 01:00:00.000,496.20981
2021-12-23 00:00:00.000,537.361615
2021-12-22 23:00:00.000,610.10604
2021-12-22 22:00:00.000,646.748235
2021-12-22 21:00:00.000,687.59421
2021-12-22 20:00:00.000,722.28734
2021-12-22 19:00:00.000,743.77664
2021-12-22 18:00:00.000,780.824665
2021-12-22 17:00:00.000,837.23734
2021-12-22 16:00:00.000,822.794985
2021-12-22 15:00:00.000,822.017928
2021-12-22 14:00:00.000,828.610773
2021-12-22 13:00:00.000,786.507645
2021-12-22 12:00:00.000,773.180872
2021-12-22 11:00:00.000,818.118515
2021-12-22 10:00:00.000,797.128506
2021-12-22 09:00:00.000,752.783438
2021-12-22 08:00:00.000,650.674649
2021-12-22 07:00:00.000,554.561666
2021-12-22 06:00:00.000,487.733985
2021-12-22 05:00:00.000,473.386
2021-12-22 04:00:00.000,461.31885
2021-12-22 03:00:00.000,467.02727
2021-12-22 02:00:00.000,474.256455
2021-12-22 01:00:00.000,495.23721
2021-12-22 00:00:00.000,552.94911
2021-12-21 23:00:00.000,618.73228
2021-12-21 22:00:00.000,650.41691
2021-12-21 21:00:00.000,681.248175
2021-12-21 20:00:00.000,718.6105
2021-12-21 19:00:00.000,750.298715
2021-12-21 18:00:00.000,783.329545
2021-12-21 17:00:00.000,817.101
2021-12-21 16:00:00.000,764.802143
2021-12-21 15:00:00.000,759.50599
2021-12-21 14:00:00.000,777.206657
2021-12-21 13:00:00.000,770.0576
2021-12-21 12:00:00.000,767.551014
2021-12-21 11:00:00.000,790.631275
2021-12-21 10:00:00.000,766.540636
2021-12-21 09:00:00.000,716.330733
2021-12-21 08:00:00.000,620.635149
2021-12-21 07:00:00.000,529.895538
2021-12-21 06:00:00.000,470.7652
2021-12-21 05:00:00.000,442.389005
2021-12-21 04:00:00.000,435.23684
2021-12-21 03:00:00.000,442.00454
2021-12-21 02:00:00.000,457.75704
2021-12-21 01:00:00.000,496.355635
2021-12-21 00:00:00.000,554.86289
2021-12-20 23:00:00.000,621.08343
2021-12-20 22:00:00.000,654.42892
2021-12-20 21:00:00.000,678.30137
2021-12-20 20:00:00.000,707.862225
2021-12-20 19:00:00.000,736.312735
2021-12-20 18:00:00.000,779.17854
2021-12-20 17:00:00.000,804.6727
2021-12-20 16:00:00.000,738.405175
2021-12-20 15:00:00.000,726.591533
2021-12-20 14:00:00.000,746.531096
2021-12-20 13:00:00.000,743.23952
2021-12-20 12:00:00.000,661.471106
2021-12-20 11:00:00.000,681.21976
2021-12-20 10:00:00.000,666.965205
2021-12-20 09:00:00.000,636.02964
2021-12-20 08:00:00.000,569.15093
2021-12-20 07:00:00.000,484.80185
2021-12-20 06:00:00.000,410.2257
2021-12-20 05:00:00.000,379.8653
2021-12-20 04:00:00.000,374.2465
2021-12-20 03:00:00.000,371.6162
2021-12-20 02:00:00.000,387.0549
2021-12-20 01:00:00.000,417.5499
2021-12-20 00:00:00.000,470.2339
2021-12-19 23:00:00.000,565.46563
2021-12-19 22:00:00.000,601.28352
2021-12-19 21:00:00.000,626.775645
2021-12-19 20:00:00.000,643.287625
2021-12-19 19:00:00.000,682.476365
2021-12-19 18:00:00.000,723.74372
2021-12-19 17:00:00.000,734.981365
2021-12-19 16:00:00.000,652.308425
2021-12-19 15:00:00.000,641.928047
2021-12-19 14:00:00.000,628.861986
2021-12-19 13:00:00.000,629.494178
2021-12-19 12:00:00.000,636.458845
2021-12-19 11:00:00.000,624.745615
2021-12-19 10:00:00.000,572.410773
2021-12-19 09:00:00.000,504.052111
2021-12-19 08:00:00.000,430.279871
2021-12-19 07:00:00.000,433.68095
2021-12-19 06:00:00.000,427.5613
2021-12-19 05:00:00.000,412.85602
2021-12-19 04:00:00.000,418.575235
2021-12-19 03:00:00.000,422.79214
2021-12-19 02:00:00.000,449.87339
2021-12-19 01:00:00.000,482.21966
2021-12-19 00:00:00.000,547.41124
2021-12-18 23:00:00.000,612.09076
2021-12-18 22:00:00.000,631.798915
2021-12-18 21:00:00.000,671.092525
2021-12-18 20:00:00.000,703.44024
2021-12-18 19:00:00.000,732.3415
2021-12-18 18:00:00.000,774.77889
2021-12-18 17:00:00.000,797.62542
2021-12-18 16:00:00.000,709.769206
2021-12-18 15:00:00.000,712.151129
2021-12-18 14:00:00.000,722.831397
2021-12-18 13:00:00.000,729.970807
2021-12-18 12:00:00.000,721.483384
2021-12-18 11:00:00.000,743.511732
2021-12-18 10:00:00.000,703.402231
2021-12-18 09:00:00.000,642.399826
2021-12-18 08:00:00.000,533.579134
2021-12-18 07:00:00.000,472.236526
2021-12-18 06:00:00.000,453.172005
2021-12-18 05:00:00.000,428.75373
2021-12-18 04:00:00.000,426.479095
2021-12-18 03:00:00.000,431.699545
2021-12-18 02:00:00.000,451.707245
2021-12-18 01:00:00.000,490.00334
2021-12-18 00:00:00.000,544.76415
2021-12-17 23:00:00.000,603.73869
2021-12-17 22:00:00.000,633.954375
2021-12-17 21:00:00.000,678.335815
2021-12-17 20:00:00.000,712.608935
2021-12-17 19:00:00.000,725.049945
2021-12-17 18:00:00.000,759.04758
2021-12-17 17:00:00.000,807.895165
2021-12-17 16:00:00.000,724.547791
2021-12-17 15:00:00.000,725.445749
2021-12-17 14:00:00.000,732.267734
2021-12-17 13:00:00.000,715.8624
2021-12-17 12:00:00.000,725.638178
2021-12-17 11:00:00.000,758.542725
2021-12-17 10:00:00.000,731.932928
2021-12-17 09:00:00.000,695.524186
2021-12-17 08:00:00.000,612.856256
2021-12-17 07:00:00.000,526.632601
2021-12-17 06:00:00.000,476.746145
2021-12-17 05:00:00.000,447.571695
2021-12-17 04:00:00.000,437.686155
2021-12-17 03:00:00.000,442.463105
2021-12-17 02:00:00.000,457.541235
2021-12-17 01:00:00.000,501.246755
2021-12-17 00:00:00.000,562.097935
2021-12-16 23:00:00.000,578.77671
2021-12-16 22:00:00.000,618.650325
2021-12-16 21:00:00.000,644.489855
2021-12-16 20:00:00.000,702.10237
2021-12-16 19:00:00.000,753.84842
2021-12-16 18:00:00.000,764.938415
2021-12-16 17:00:00.000,791.73173
2021-12-16 16:00:00.000,727.384941
2021-12-16 15:00:00.000,741.509622
2021-12-16 14:00:00.000,759.979918
2021-12-16 13:00:00.000,740.652125
2021-12-16 12:00:00.000,727.495565
2021-12-16 11:00:00.000,801.586327
2021-12-16 10:00:00.000,764.432102
2021-12-16 09:00:00.000,721.36351
2021-12-16 08:00:00.000,618.963639
2021-12-16 07:00:00.000,514.72497
2021-12-16 06:00:00.000,479.787855
2021-12-16 05:00:00.000,454.74846
2021-12-16 04:00:00.000,451.933515
2021-12-16 03:00:00.000,441.63671
2021-12-16 02:00:00.000,483.93381
2021-12-16 01:00:00.000,507.490075
2021-12-16 00:00:00.000,543.579785
2021-12-15 23:00:00.000,590.430635
2021-12-15 22:00:00.000,643.42058
2021-12-15 21:00:00.000,664.263975
2021-12-15 20:00:00.000,704.07082
2021-12-15 19:00:00.000,745.42875
2021-12-15 18:00:00.000,761.58242
2021-12-15 17:00:00.000,783.367775
2021-12-15 16:00:00.000,692.08593
2021-12-15 15:00:00.000,684.998375
2021-12-15 14:00:00.000,708.29521
2021-12-15 13:00:00.000,717.01534
2021-12-15 12:00:00.000,687.624058
2021-12-15 11:00:00.000,763.392334
2021-12-15 10:00:00.000,743.006484
2021-12-15 09:00:00.000,706.487482
2021-12-15 08:00:00.000,615.535621
2021-12-15 07:00:00.000,520.968354
2021-12-15 06:00:00.000,487.703295
2021-12-15 05:00:00.000,455.893885
2021-12-15 04:00:00.000,448.11177
2021-12-15 03:00:00.000,451.147965
2021-12-15 02:00:00.000,466.55593
2021-12-15 01:00:00.000,494.012835
2021-12-15 00:00:00.000,535.256135
2021-12-14 23:00:00.000,603.403025
2021-12-14 22:00:00.000,659.7945
2021-12-14 21:00:00.000,674.34258
2021-12-14 20:00:00.000,704.24689
2021-12-14 19:00:00.000,739.80763
2021-12-14 18:00:00.000,780.332775
2021-12-14 17:00:00.000,795.79643
2021-12-14 16:00:00.000,730.25284
2021-12-14 15:00:00.000,719.765645
2021-12-14 14:00:00.000,753.50282
2021-12-14 13:00:00.000,754.242865
2021-12-14 12:00:00.000,700.663769
2021-12-14 11:00:00.000,745.589823
2021-12-14 10:00:00.000,753.062462
2021-12-14 09:00:00.000,677.509372
2021-12-14 08:00:00.000,603.456572
2021-12-14 07:00:00.000,519.65844
2021-12-14 06:00:00.000,470.497295
2021-12-14 05:00:00.000,439.205945
2021-12-14 04:00:00.000,433.310995
2021-12-14 03:00:00.000,438.832865
2021-12-14 02:00:00.000,461.604525
2021-12-14 01:00:00.000,489.41921
2021-12-14 00:00:00.000,526.729435
2021-12-13 23:00:00.000,607.356835
2021-12-13 22:00:00.000,655.98635
2021-12-13 21:00:00.000,672.816815
2021-12-13 20:00:00.000,712.15095
2021-12-13 19:00:00.000,737.857995
2021-12-13 18:00:00.000,796.383665
2021-12-13 17:00:00.000,806.130745
2021-12-13 16:00:00.000,687.367284
2021-12-13 15:00:00.000,675.629117
2021-12-13 14:00:00.000,689.714351
2021-12-13 13:00:00.000,690.379115
2021-12-13 12:00:00.000,664.320497
2021-12-13 11:00:00.000,733.00333
2021-12-13 10:00:00.000,747.310142
2021-12-13 09:00:00.000,687.009076
2021-12-13 08:00:00.000,615.15823
2021-12-13 07:00:00.000,514.141913
2021-12-13 06:00:00.000,463.000465
2021-12-13 05:00:00.000,432.565645
2021-12-13 04:00:00.000,427.631205
2021-12-13 03:00:00.000,427.63394
2021-12-13 02:00:00.000,438.03146
2021-12-13 01:00:00.000,468.863395
2021-12-13 00:00:00.000,519.876105
2021-12-12 23:00:00.000,586.585955
2021-12-12 22:00:00.000,634.636205
2021-12-12 21:00:00.000,659.910015
2021-12-12 20:00:00.000,692.62857
2021-12-12 19:00:00.000,712.678165
2021-12-12 18:00:00.000,727.512105
2021-12-12 17:00:00.000,702.19243
2021-12-12 16:00:00.000,588.077477
2021-12-12 15:00:00.000,564.353614
2021-12-12 14:00:00.000,557.567503
2021-12-12 13:00:00.000,597.455616
2021-12-12 12:00:00.000,602.810791
2021-12-12 11:00:00.000,617.021519
2021-12-12 10:00:00.000,583.855255
2021-12-12 09:00:00.000,528.513598
2021-12-12 08:00:00.000,460.769669
2021-12-12 07:00:00.000,439.43426
2021-12-12 06:00:00.000,441.1451
2021-12-12 05:00:00.000,429.84606
2021-12-12 04:00:00.000,431.471995
2021-12-12 03:00:00.000,441.203875
2021-12-12 02:00:00.000,451.255515
2021-12-12 01:00:00.000,489.668315
2021-12-12 00:00:00.000,559.554895
2021-12-11 23:00:00.000,612.89921
2021-12-11 22:00:00.000,643.85437
2021-12-11 21:00:00.000,666.036655
2021-12-11 20:00:00.000,689.42607
2021-12-11 19:00:00.000,718.15939
2021-12-11 18:00:00.000,755.754775
2021-12-11 17:00:00.000,765.961875
2021-12-11 16:00:00.000,665.027225
2021-12-11 15:00:00.000,659.476399
2021-12-11 14:00:00.000,686.960119
2021-12-11 13:00:00.000,682.562841
2021-12-11 12:00:00.000,668.352408
2021-12-11 11:00:00.000,716.783964
2021-12-11 10:00:00.000,692.721651
2021-12-11 09:00:00.000,650.081549
2021-12-11 08:00:00.000,558.439667
2021-12-11 07:00:00.000,484.232348
2021-12-11 06:00:00.000,472.28687
2021-12-11 05:00:00.000,454.069285
2021-12-11 04:00:00.000,444.791745
2021-12-11 03:00:00.000,452.45924
2021-12-11 02:00:00.000,480.38821
2021-12-11 01:00:00.000,511.6804
2021-12-11 00:00:00.000,563.008775
2021-12-10 23:00:00.000,630.35226
2021-12-10 22:00:00.000,662.566115
2021-12-10 21:00:00.000,668.184395
2021-12-10 20:00:00.000,706.176745
2021-12-10 19:00:00.000,743.273205
2021-12-10 18:00:00.000,733.783639
2021-12-10 17:00:00.000,737.67248
2021-12-10 16:00:00.000,667.778506
2021-12-10 15:00:00.000,669.153644
2021-12-10 14:00:00.000,661.807111
2021-12-10 13:00:00.000,660.567608
2021-12-10 12:00:00.000,670.343674
2021-12-10 11:00:00.000,728.105202
2021-12-10 10:00:00.000,743.839155
2021-12-10 09:00:00.000,713.895355
2021-12-10 08:00:00.000,641.206199
2021-12-10 07:00:00.000,534.397152
2021-12-10 06:00:00.000,499.90838
2021-12-10 05:00:00.000,465.240124
2021-12-10 04:00:00.000,463.489653
2021-12-10 03:00:00.000,471.167901
2021-12-10 02:00:00.000,493.270619
2021-12-10 01:00:00.000,529.722489
2021-12-10 00:00:00.000,578.481194
2021-12-09 23:00:00.000,632.330348
2021-12-09 22:00:00.000,673.14094
2021-12-09 21:00:00.000,686.381429
2021-12-09 20:00:00.000,716.735365
2021-12-09 19:00:00.000,745.394096
2021-12-09 18:00:00.000,777.401675
2021-12-09 17:00:00.000,799.380908
2021-12-09 16:00:00.000,739.68713
2021-12-09 15:00:00.000,717.04118
2021-12-09 14:00:00.000,731.467266
2021-12-09 13:00:00.000,722.3623379999998
2021-12-09 12:00:00.000,686.653425
2021-12-09 11:00:00.000,758.640484
2021-12-09 10:00:00.000,744.958863
2021-12-09 09:00:00.000,705.49317
2021-12-09 08:00:00.000,619.280494
2021-12-09 07:00:00.000,517.88539
2021-12-09 06:00:00.000,478.785025
2021-12-09 05:00:00.000,445.23269
2021-12-09 04:00:00.000,444.642205
2021-12-09 03:00:00.000,446.851765
2021-12-09 02:00:00.000,481.187775
2021-12-09 01:00:00.000,492.392265
2021-12-09 00:00:00.000,538.47287
2021-12-08 23:00:00.000,596.85956
2021-12-08 22:00:00.000,674.91971
2021-12-08 21:00:00.000,673.67783
2021-12-08 20:00:00.000,697.371855
2021-12-08 19:00:00.000,724.426595
2021-12-08 18:00:00.000,748.818835
2021-12-08 17:00:00.000,749.8915
2021-12-08 16:00:00.000,686.289898
2021-12-08 15:00:00.000,672.055434
2021-12-08 14:00:00.000,679.244918
2021-12-08 13:00:00.000,667.169194
2021-12-08 12:00:00.000,655.333085
2021-12-08 11:00:00.000,703.671344
2021-12-08 10:00:00.000,687.8826
2021-12-08 09:00:00.000,662.679857
2021-12-08 08:00:00.000,589.785073
2021-12-08 07:00:00.000,494.116118
2021-12-08 06:00:00.000,458.58746
2021-12-08 05:00:00.000,426.97907
2021-12-08 04:00:00.000,422.727485
2021-12-08 03:00:00.000,425.9228
2021-12-08 02:00:00.000,438.55114
2021-12-08 01:00:00.000,471.267325
2021-12-08 00:00:00.000,524.58415
2021-12-07 23:00:00.000,592.21223
2021-12-07 22:00:00.000,641.75871
2021-12-07 21:00:00.000,665.404025
2021-12-07 20:00:00.000,690.681245
2021-12-07 19:00:00.000,719.843125
2021-12-07 18:00:00.000,755.81672
2021-12-07 17:00:00.000,762.240905
2021-12-07 16:00:00.000,670.12907
2021-12-07 15:00:00.000,655.774088
2021-12-07 14:00:00.000,667.87274
2021-12-07 13:00:00.000,673.913216
2021-12-07 12:00:00.000,655.574786
2021-12-07 11:00:00.000,717.909955
2021-12-07 10:00:00.000,706.829286
2021-12-07 09:00:00.000,689.612108
2021-12-07 08:00:00.000,617.100179
2021-12-07 07:00:00.000,521.756853
2021-12-07 06:00:00.000,487.34492
2021-12-07 05:00:00.000,451.8393
2021-12-07 04:00:00.000,445.631415
2021-12-07 03:00:00.000,447.146165
2021-12-07 02:00:00.000,464.383255
2021-12-07 01:00:00.000,491.964315
2021-12-07 00:00:00.000,541.20593
2021-12-06 23:00:00.000,600.433445
2021-12-06 22:00:00.000,643.13441
2021-12-06 21:00:00.000,659.77282
2021-12-06 20:00:00.000,702.56999
2021-12-06 19:00:00.000,732.14821
2021-12-06 18:00:00.000,762.404535
2021-12-06 17:00:00.000,771.57655
2021-12-06 16:00:00.000,684.61916
2021-12-06 15:00:00.000,668.548576
2021-12-06 14:00:00.000,681.714431
2021-12-06 13:00:00.000,679.501993
2021-12-06 12:00:00.000,670.35568
2021-12-06 11:00:00.000,734.480181
2021-12-06 10:00:00.000,718.78617
2021-12-06 09:00:00.000,694.504961
2021-12-06 08:00:00.000,612.205582
2021-12-06 07:00:00.000,505.464712
2021-12-06 06:00:00.000,463.140725
2021-12-06 05:00:00.000,425.948065
2021-12-06 04:00:00.000,421.184105
2021-12-06 03:00:00.000,429.46597
2021-12-06 02:00:00.000,444.974585
2021-12-06 01:00:00.000,474.629045
2021-12-06 00:00:00.000,528.04989
2021-12-05 23:00:00.000,595.29673
2021-12-05 22:00:00.000,646.87766
2021-12-05 21:00:00.000,671.756475
2021-12-05 20:00:00.000,700.623475
2021-12-05 19:00:00.000,724.51336
2021-12-05 18:00:00.000,748.172045
2021-12-05 17:00:00.000,735.74882
2021-12-05 16:00:00.000,625.020867
2021-12-05 15:00:00.000,618.443944
2021-12-05 14:00:00.000,625.667896
2021-12-05 13:00:00.000,631.870679
2021-12-05 12:00:00.000,618.846863
2021-12-05 11:00:00.000,618.726298
2021-12-05 10:00:00.000,581.966172
2021-12-05 09:00:00.000,515.567309
2021-12-05 08:00:00.000,443.806733
2021-12-05 07:00:00.000,429.47045
2021-12-05 06:00:00.000,444.29042
2021-12-05 05:00:00.000,427.17139
2021-12-05 04:00:00.000,428.934355
2021-12-05 03:00:00.000,437.522
2021-12-05 02:00:00.000,455.65243
2021-12-05 01:00:00.000,490.01724
2021-12-05 00:00:00.000,551.010685
2021-12-04 23:00:00.000,593.346785
2021-12-04 22:00:00.000,633.51804
2021-12-04 21:00:00.000,656.054095
2021-12-04 20:00:00.000,683.97728
2021-12-04 19:00:00.000,713.829595
2021-12-04 18:00:00.000,744.29405
2021-12-04 17:00:00.000,756.30587
2021-12-04 16:00:00.000,671.554291
2021-12-04 15:00:00.000,667.85491
2021-12-04 14:00:00.000,681.163331
2021-12-04 13:00:00.000,685.12791
2021-12-04 12:00:00.000,679.832092
2021-12-04 11:00:00.000,735.398957
2021-12-04 10:00:00.000,708.317529
2021-12-04 09:00:00.000,668.980452
2021-12-04 08:00:00.000,571.839268
2021-12-04 07:00:00.000,479.560218
2021-12-04 06:00:00.000,477.19664
2021-12-04 05:00:00.000,456.195365
2021-12-04 04:00:00.000,449.427315
2021-12-04 03:00:00.000,454.41679
2021-12-04 02:00:00.000,471.32869
2021-12-04 01:00:00.000,503.999325
2021-12-04 00:00:00.000,561.721595
2021-12-03 23:00:00.000,620.280335
2021-12-03 22:00:00.000,661.9754
2021-12-03 21:00:00.000,678.193385
2021-12-03 20:00:00.000,716.23315
2021-12-03 19:00:00.000,747.675095
2021-12-03 18:00:00.000,781.014765
2021-12-03 17:00:00.000,799.80518
2021-12-03 16:00:00.000,702.021671
2021-12-03 15:00:00.000,686.465041
2021-12-03 14:00:00.000,696.570082
2021-12-03 13:00:00.000,696.3329
2021-12-03 12:00:00.000,699.660511
2021-12-03 11:00:00.000,771.98209
2021-12-03 10:00:00.000,755.739973
2021-12-03 09:00:00.000,717.241859
2021-12-03 08:00:00.000,640.675026
2021-12-03 07:00:00.000,526.922383
2021-12-03 06:00:00.000,488.730645
2021-12-03 05:00:00.000,454.25058
2021-12-03 04:00:00.000,448.06823
2021-12-03 03:00:00.000,456.534875
2021-12-03 02:00:00.000,470.798655
2021-12-03 01:00:00.000,498.66093
2021-12-03 00:00:00.000,554.18433
2021-12-02 23:00:00.000,620.062375
2021-12-02 22:00:00.000,671.96249
2021-12-02 21:00:00.000,693.38422
2021-12-02 20:00:00.000,726.11776
2021-12-02 19:00:00.000,753.629345
2021-12-02 18:00:00.000,785.98894
2021-12-02 17:00:00.000,802.21306
2021-12-02 16:00:00.000,707.487941
2021-12-02 15:00:00.000,691.53908
2021-12-02 14:00:00.000,703.342676
2021-12-02 13:00:00.000,709.283405
2021-12-02 12:00:00.000,696.022019
2021-12-02 11:00:00.000,757.553658
2021-12-02 10:00:00.000,750.161544
2021-12-02 09:00:00.000,720.088018
2021-12-02 08:00:00.000,637.126716
2021-12-02 07:00:00.000,523.698753
2021-12-02 06:00:00.000,491.168025
2021-12-02 05:00:00.000,456.71807
2021-12-02 04:00:00.000,449.848115
2021-12-02 03:00:00.000,451.54611
2021-12-02 02:00:00.000,467.720935
2021-12-02 01:00:00.000,496.625245
2021-12-02 00:00:00.000,546.5258
2021-12-01 23:00:00.000,623.05359
2021-12-01 22:00:00.000,670.850785
2021-12-01 21:00:00.000,687.64888
2021-12-01 20:00:00.000,723.69854
2021-12-01 19:00:00.000,750.320565
2021-12-01 18:00:00.000,784.66454
2021-12-01 17:00:00.000,811.755835
2021-12-01 16:00:00.000,735.695536
2021-12-01 15:00:00.000,724.437865
2021-12-01 14:00:00.000,742.465747
2021-12-01 13:00:00.000,738.52623
2021-12-01 12:00:00.000,697.982549
2021-12-01 11:00:00.000,745.4393
2021-12-01 10:00:00.000,738.478018
2021-12-01 09:00:00.000,708.903833
2021-12-01 08:00:00.000,627.33283
2021-12-01 07:00:00.000,531.95805
2021-12-01 06:00:00.000,500.32665
2021-12-01 05:00:00.000,462.781532
2021-12-01 04:00:00.000,454.683973
2021-12-01 03:00:00.000,462.400634
2021-12-01 02:00:00.000,479.35969
2021-12-01 01:00:00.000,498.226477
2021-12-01 00:00:00.000,550.320699
2021-11-30 23:00:00.000,608.788997
2021-11-30 22:00:00.000,651.773387
2021-11-30 21:00:00.000,667.257964
2021-11-30 20:00:00.000,689.393231
2021-11-30 19:00:00.000,709.164697
2021-11-30 18:00:00.000,716.531888
2021-11-30 17:00:00.000,730.096695
2021-11-30 16:00:00.000,660.454491
2021-11-30 15:00:00.000,654.473775
2021-11-30 14:00:00.000,691.837369
2021-11-30 13:00:00.000,699.385801
2021-11-30 12:00:00.000,696.237228
2021-11-30 11:00:00.000,734.234633
2021-11-30 10:00:00.000,720.38854
2021-11-30 09:00:00.000,687.194337
2021-11-30 08:00:00.000,610.735519
2021-11-30 07:00:00.000,508.984158
2021-11-30 06:00:00.000,480.251617
2021-11-30 05:00:00.000,455.004506
2021-11-30 04:00:00.000,445.64978
2021-11-30 03:00:00.000,458.248553
2021-11-30 02:00:00.000,473.138563
2021-11-30 01:00:00.000,500.709637
2021-11-30 00:00:00.000,551.28444
2021-11-29 23:00:00.000,604.874517
2021-11-29 22:00:00.000,652.382001
2021-11-29 21:00:00.000,670.482837
2021-11-29 20:00:00.000,700.295395
2021-11-29 19:00:00.000,731.638258
2021-11-29 18:00:00.000,765.642045
2021-11-29 17:00:00.000,781.174593
2021-11-29 16:00:00.000,692.19874
2021-11-29 15:00:00.000,683.573146
2021-11-29 14:00:00.000,697.983003
2021-11-29 13:00:00.000,710.997123
2021-11-29 12:00:00.000,693.128321
2021-11-29 11:00:00.000,750.307492
2021-11-29 10:00:00.000,740.08395
2021-11-29 09:00:00.000,705.813154
2021-11-29 08:00:00.000,627.737937
2021-11-29 07:00:00.000,516.436056
2021-11-29 06:00:00.000,489.235806
2021-11-29 05:00:00.000,452.070754
2021-11-29 04:00:00.000,442.47183
2021-11-29 03:00:00.000,447.109623
2021-11-29 02:00:00.000,458.814896
2021-11-29 01:00:00.000,492.758941
2021-11-29 00:00:00.000,549.107968
2021-11-28 23:00:00.000,610.845762
2021-11-28 22:00:00.000,656.871953
2021-11-28 21:00:00.000,683.239287
2021-11-28 20:00:00.000,710.852124
2021-11-28 19:00:00.000,731.705879
2021-11-28 18:00:00.000,750.529181
2021-11-28 17:00:00.000,733.896085
2021-11-28 16:00:00.000,624.467233
2021-11-28 15:00:00.000,619.94009
2021-11-28 14:00:00.000,632.097345
2021-11-28 13:00:00.000,643.716969
2021-11-28 12:00:00.000,640.8028
2021-11-28 11:00:00.000,641.052777
2021-11-28 10:00:00.000,595.236658
2021-11-28 09:00:00.000,532.778282
2021-11-28 08:00:00.000,462.03957
2021-11-28 07:00:00.000,435.861059
2021-11-28 06:00:00.000,463.290175
2021-11-28 05:00:00.000,447.07403
2021-11-28 04:00:00.000,447.048096
2021-11-28 03:00:00.000,454.088314
2021-11-28 02:00:00.000,477.486683
2021-11-28 01:00:00.000,516.906216
2021-11-28 00:00:00.000,574.208187
2021-11-27 23:00:00.000,629.358848
2021-11-27 22:00:00.000,662.962452
2021-11-27 21:00:00.000,683.806748
2021-11-27 20:00:00.000,716.110116
2021-11-27 19:00:00.000,747.472966
2021-11-27 18:00:00.000,780.721335
2021-11-27 17:00:00.000,803.000787
2021-11-27 16:00:00.000,720.218245
2021-11-27 15:00:00.000,715.784395
2021-11-27 14:00:00.000,734.171274
2021-11-27 13:00:00.000,733.757848
2021-11-27 12:00:00.000,726.252605
2021-11-27 11:00:00.000,763.418478
2021-11-27 10:00:00.000,730.209222
2021-11-27 09:00:00.000,674.747948
2021-11-27 08:00:00.000,581.241297
2021-11-27 07:00:00.000,484.910473
2021-11-27 06:00:00.000,493.118584
2021-11-27 05:00:00.000,471.05063
2021-11-27 04:00:00.000,467.518839
2021-11-27 03:00:00.000,471.015256
2021-11-27 02:00:00.000,491.286015
2021-11-27 01:00:00.000,526.800941
2021-11-27 00:00:00.000,591.233072
2021-11-26 23:00:00.000,649.228318
2021-11-26 22:00:00.000,692.458714
2021-11-26 21:00:00.000,712.554255
2021-11-26 20:00:00.000,745.010513
2021-11-26 19:00:00.000,777.406873
2021-11-26 18:00:00.000,816.175677
2021-11-26 17:00:00.000,827.214376
2021-11-26 16:00:00.000,732.646643
2021-11-26 15:00:00.000,721.0467429999999
2021-11-26 14:00:00.000,730.784854
2021-11-26 13:00:00.000,749.726838
2021-11-26 12:00:00.000,747.932233
2021-11-26 11:00:00.000,814.920687
2021-11-26 10:00:00.000,790.194518
2021-11-26 09:00:00.000,757.819197
2021-11-26 08:00:00.000,666.541884
2021-11-26 07:00:00.000,537.917165
2021-11-26 06:00:00.000,522.704829
2021-11-26 05:00:00.000,481.466652
2021-11-26 04:00:00.000,473.402048
2021-11-26 03:00:00.000,477.781692
2021-11-26 02:00:00.000,491.148968
2021-11-26 01:00:00.000,526.221282
2021-11-26 00:00:00.000,585.29767
2021-11-25 23:00:00.000,654.689528
2021-11-25 22:00:00.000,702.043905
2021-11-25 21:00:00.000,724.625871
2021-11-25 20:00:00.000,761.684144
2021-11-25 19:00:00.000,789.077553
2021-11-25 18:00:00.000,826.033943
2021-11-25 17:00:00.000,858.6399879999998
2021-11-25 16:00:00.000,786.6648619999999
2021-11-25 15:00:00.000,778.042771
2021-11-25 14:00:00.000,796.178514
2021-11-25 13:00:00.000,792.649288
2021-11-25 12:00:00.000,779.047669
2021-11-25 11:00:00.000,819.588993
2021-11-25 10:00:00.000,790.345175
2021-11-25 09:00:00.000,738.330979
2021-11-25 08:00:00.000,643.637987
2021-11-25 07:00:00.000,536.458021
2021-11-25 06:00:00.000,522.568206
2021-11-25 05:00:00.000,482.527896
2021-11-25 04:00:00.000,475.816488
2021-11-25 03:00:00.000,480.234294
2021-11-25 02:00:00.000,490.80712
2021-11-25 01:00:00.000,521.495612
2021-11-25 00:00:00.000,569.56707
2021-11-24 23:00:00.000,638.413959
2021-11-24 22:00:00.000,684.16287
2021-11-24 21:00:00.000,700.945076
2021-11-24 20:00:00.000,741.625561
2021-11-24 19:00:00.000,779.838159
2021-11-24 18:00:00.000,814.319883
2021-11-24 17:00:00.000,842.361473
2021-11-24 16:00:00.000,792.82814
2021-11-24 15:00:00.000,793.2487889999999
2021-11-24 14:00:00.000,799.337343
2021-11-24 13:00:00.000,792.14331
2021-11-24 12:00:00.000,777.581622
2021-11-24 11:00:00.000,809.562226
2021-11-24 10:00:00.000,783.730138
2021-11-24 09:00:00.000,737.211126
2021-11-24 08:00:00.000,645.691611
2021-11-24 07:00:00.000,529.232362
2021-11-24 06:00:00.000,525.63995
2021-11-24 05:00:00.000,490.698733
2021-11-24 04:00:00.000,479.617097
2021-11-24 03:00:00.000,478.773571
2021-11-24 02:00:00.000,494.849648
2021-11-24 01:00:00.000,520.54573
2021-11-24 00:00:00.000,567.713747
2021-11-23 23:00:00.000,638.309442
2021-11-23 22:00:00.000,676.239705
2021-11-23 21:00:00.000,701.706632
2021-11-23 20:00:00.000,738.352625
2021-11-23 19:00:00.000,769.303396
2021-11-23 18:00:00.000,796.238135
2021-11-23 17:00:00.000,805.397518
2021-11-23 16:00:00.000,717.150288
2021-11-23 15:00:00.000,711.09834
2021-11-23 14:00:00.000,729.483385
2021-11-23 13:00:00.000,717.893557
2021-11-23 12:00:00.000,701.144997
2021-11-23 11:00:00.000,758.487254
2021-11-23 10:00:00.000,739.954961
2021-11-23 09:00:00.000,714.261862
2021-11-23 08:00:00.000,645.421473
2021-11-23 07:00:00.000,532.778772
2021-11-23 06:00:00.000,521.126223
2021-11-23 05:00:00.000,473.034773
2021-11-23 04:00:00.000,467.403591
2021-11-23 03:00:00.000,465.753944
2021-11-23 02:00:00.000,477.317113
2021-11-23 01:00:00.000,511.472454
2021-11-23 00:00:00.000,563.963905
2021-11-22 23:00:00.000,633.408448
2021-11-22 22:00:00.000,680.753125
2021-11-22 21:00:00.000,705.563813
2021-11-22 20:00:00.000,734.999095
2021-11-22 19:00:00.000,761.270258
2021-11-22 18:00:00.000,798.034435
2021-11-22 17:00:00.000,799.826406
2021-11-22 16:00:00.000,709.729105
2021-11-22 15:00:00.000,697.794629
2021-11-22 14:00:00.000,714.293965
2021-11-22 13:00:00.000,720.691876
2021-11-22 12:00:00.000,712.771226
2021-11-22 11:00:00.000,779.222697
2021-11-22 10:00:00.000,767.61988
2021-11-22 09:00:00.000,737.839119
2021-11-22 08:00:00.000,656.850471
2021-11-22 07:00:00.000,515.562628
2021-11-22 06:00:00.000,497.605446
2021-11-22 05:00:00.000,451.137755
2021-11-22 04:00:00.000,438.558825
2021-11-22 03:00:00.000,446.45152
2021-11-22 02:00:00.000,459.877464
2021-11-22 01:00:00.000,489.776728
2021-11-22 00:00:00.000,544.938813
2021-11-21 23:00:00.000,619.00924
2021-11-21 22:00:00.000,672.5602
2021-11-21 21:00:00.000,693.800967
2021-11-21 20:00:00.000,726.815379
2021-11-21 19:00:00.000,748.699016
2021-11-21 18:00:00.000,768.676949
2021-11-21 17:00:00.000,729.780018
2021-11-21 16:00:00.000,615.637677
2021-11-21 15:00:00.000,605.273451
2021-11-21 14:00:00.000,617.940864
2021-11-21 13:00:00.000,635.247143
2021-11-21 12:00:00.000,631.314067
2021-11-21 11:00:00.000,648.194595
2021-11-21 10:00:00.000,615.68704
2021-11-21 09:00:00.000,556.05822
2021-11-21 08:00:00.000,479.09543
2021-11-21 07:00:00.000,435.800822
2021-11-21 06:00:00.000,475.175429
2021-11-21 05:00:00.000,452.646846
2021-11-21 04:00:00.000,454.77444
2021-11-21 03:00:00.000,461.246335
2021-11-21 02:00:00.000,483.672088
2021-11-21 01:00:00.000,521.139316
2021-11-21 00:00:00.000,585.179457
2021-11-20 23:00:00.000,636.852245
2021-11-20 22:00:00.000,672.530208
2021-11-20 21:00:00.000,689.335878
2021-11-20 20:00:00.000,722.122076
2021-11-20 19:00:00.000,754.832038
2021-11-20 18:00:00.000,788.154863
2021-11-20 17:00:00.000,788.863806
2021-11-20 16:00:00.000,711.639647
2021-11-20 15:00:00.000,712.566882
2021-11-20 14:00:00.000,731.323116
2021-11-20 13:00:00.000,739.574061
2021-11-20 12:00:00.000,726.7797749999999
2021-11-20 11:00:00.000,754.369692
2021-11-20 10:00:00.000,725.213457
2021-11-20 09:00:00.000,670.343077
2021-11-20 08:00:00.000,573.538684
2021-11-20 07:00:00.000,470.032162
2021-11-20 06:00:00.000,492.674713
2021-11-20 05:00:00.000,469.571946
2021-11-20 04:00:00.000,465.31566
2021-11-20 03:00:00.000,473.591675
2021-11-20 02:00:00.000,489.891815
2021-11-20 01:00:00.000,525.339301
2021-11-20 00:00:00.000,585.024727
2021-11-19 23:00:00.000,642.10359
2021-11-19 22:00:00.000,697.556039
2021-11-19 21:00:00.000,709.139211
2021-11-19 20:00:00.000,726.562587
2021-11-19 19:00:00.000,755.560999
2021-11-19 18:00:00.000,798.514305
2021-11-19 17:00:00.000,827.283349
2021-11-19 16:00:00.000,770.441951
2021-11-19 15:00:00.000,757.472633
2021-11-19 14:00:00.000,762.922331
2021-11-19 13:00:00.000,747.177072
2021-11-19 12:00:00.000,751.102007
2021-11-19 11:00:00.000,801.596349
2021-11-19 10:00:00.000,765.937709
2021-11-19 09:00:00.000,717.630182
2021-11-19 08:00:00.000,628.891361
2021-11-19 07:00:00.000,496.797953
2021-11-19 06:00:00.000,508.538295
2021-11-19 05:00:00.000,476.775668
2021-11-19 04:00:00.000,467.985661
2021-11-19 03:00:00.000,468.964106
2021-11-19 02:00:00.000,488.165789
2021-11-19 01:00:00.000,522.553611
2021-11-19 00:00:00.000,575.087318
2021-11-18 23:00:00.000,636.70642
2021-11-18 22:00:00.000,676.48923
2021-11-18 21:00:00.000,695.306865
2021-11-18 20:00:00.000,730.553135
2021-11-18 19:00:00.000,760.105815
2021-11-18 18:00:00.000,795.362235
2021-11-18 17:00:00.000,801.12412
2021-11-18 16:00:00.000,722.541808
2021-11-18 15:00:00.000,708.716381
2021-11-18 14:00:00.000,720.668333
2021-11-18 13:00:00.000,717.773533
2021-11-18 12:00:00.000,703.000476
2021-11-18 11:00:00.000,763.170961
2021-11-18 10:00:00.000,744.377739
2021-11-18 09:00:00.000,707.88426
2021-11-18 08:00:00.000,619.738501
2021-11-18 07:00:00.000,491.815914
2021-11-18 06:00:00.000,500.32149
2021-11-18 05:00:00.000,469.37507
2021-11-18 04:00:00.000,460.773155
2021-11-18 03:00:00.000,461.77142
2021-11-18 02:00:00.000,479.71718
2021-11-18 01:00:00.000,511.29875
2021-11-18 00:00:00.000,563.40508
2021-11-17 23:00:00.000,633.732825
2021-11-17 22:00:00.000,680.10682
2021-11-17 21:00:00.000,697.65073
2021-11-17 20:00:00.000,732.094345
2021-11-17 19:00:00.000,763.155455
2021-11-17 18:00:00.000,795.322545
2021-11-17 17:00:00.000,790.560005
2021-11-17 16:00:00.000,704.083053
2021-11-17 15:00:00.000,692.267978
2021-11-17 14:00:00.000,713.877241
2021-11-17 13:00:00.000,720.146699
2021-11-17 12:00:00.000,710.650168
2021-11-17 11:00:00.000,779.775139
2021-11-17 10:00:00.000,763.317909
2021-11-17 09:00:00.000,727.453485
2021-11-17 08:00:00.000,635.763283
2021-11-17 07:00:00.000,493.99828
2021-11-17 06:00:00.000,504.109852
2021-11-17 05:00:00.000,468.78697
2021-11-17 04:00:00.000,462.621305
2021-11-17 03:00:00.000,471.046975
2021-11-17 02:00:00.000,487.12397
2021-11-17 01:00:00.000,519.103475
2021-11-17 00:00:00.000,580.22009
2021-11-16 23:00:00.000,637.54103
2021-11-16 22:00:00.000,680.46551
2021-11-16 21:00:00.000,700.431015
2021-11-16 20:00:00.000,734.112465
2021-11-16 19:00:00.000,764.274945
2021-11-16 18:00:00.000,802.7539249999999
2021-11-16 17:00:00.000,812.034165
2021-11-16 16:00:00.000,738.180424
2021-11-16 15:00:00.000,736.06524
2021-11-16 14:00:00.000,758.113767
2021-11-16 13:00:00.000,764.629212
2021-11-16 12:00:00.000,746.59195
2021-11-16 11:00:00.000,784.143562
2021-11-16 10:00:00.000,757.826682
2021-11-16 09:00:00.000,708.740435
2021-11-16 08:00:00.000,618.705945
2021-11-16 07:00:00.000,482.936797
2021-11-16 06:00:00.000,496.84416
2021-11-16 05:00:00.000,467.01738
2021-11-16 04:00:00.000,455.954525
2021-11-16 03:00:00.000,457.785865
2021-11-16 02:00:00.000,475.670855
2021-11-16 01:00:00.000,509.979675
2021-11-16 00:00:00.000,558.655925
2021-11-15 23:00:00.000,623.10551
2021-11-15 22:00:00.000,671.61536
2021-11-15 21:00:00.000,691.144685
2021-11-15 20:00:00.000,726.07748
2021-11-15 19:00:00.000,758.66813
2021-11-15 18:00:00.000,790.30875
2021-11-15 17:00:00.000,786.955605
2021-11-15 16:00:00.000,714.294797
2021-11-15 15:00:00.000,705.456727
2021-11-15 14:00:00.000,726.550939
2021-11-15 13:00:00.000,717.22273
2021-11-15 12:00:00.000,701.278703
2021-11-15 11:00:00.000,761.985563
2021-11-15 10:00:00.000,755.458041
2021-11-15 09:00:00.000,715.05305
2021-11-15 08:00:00.000,624.652861
2021-11-15 07:00:00.000,470.895142
2021-11-15 06:00:00.000,479.180166
2021-11-15 05:00:00.000,445.72526
2021-11-15 04:00:00.000,439.41198
2021-11-15 03:00:00.000,443.836525
2021-11-15 02:00:00.000,457.528605
2021-11-15 01:00:00.000,486.73495
2021-11-15 00:00:00.000,541.300435
2021-11-14 23:00:00.000,601.214005
2021-11-14 22:00:00.000,649.636805
2021-11-14 21:00:00.000,672.658085
2021-11-14 20:00:00.000,701.834375
2021-11-14 19:00:00.000,720.174545
2021-11-14 18:00:00.000,740.195
2021-11-14 17:00:00.000,700.999855
2021-11-14 16:00:00.000,591.114156
2021-11-14 15:00:00.000,578.946063
2021-11-14 14:00:00.000,590.370203
2021-11-14 13:00:00.000,605.83298
2021-11-14 12:00:00.000,608.489451
2021-11-14 11:00:00.000,631.774704
2021-11-14 10:00:00.000,608.786963
2021-11-14 09:00:00.000,545.379024
2021-11-14 08:00:00.000,474.657331
2021-11-14 07:00:00.000,419.721881
2021-11-14 06:00:00.000,463.194521
2021-11-14 05:00:00.000,447.345895
2021-11-14 04:00:00.000,445.97831
2021-11-14 03:00:00.000,450.71204
2021-11-14 02:00:00.000,469.824195
2021-11-14 01:00:00.000,505.521725
2021-11-14 00:00:00.000,566.2582
2021-11-13 23:00:00.000,622.40627
2021-11-13 22:00:00.000,662.924845
2021-11-13 21:00:00.000,681.76898
2021-11-13 20:00:00.000,715.3112
2021-11-13 19:00:00.000,742.52614
2021-11-13 18:00:00.000,772.426955
2021-11-13 17:00:00.000,751.92267
2021-11-13 16:00:00.000,663.616266
2021-11-13 15:00:00.000,658.543794
2021-11-13 14:00:00.000,684.137254
2021-11-13 13:00:00.000,695.349037
2021-11-13 12:00:00.000,693.834855
2021-11-13 11:00:00.000,746.201416
2021-11-13 10:00:00.000,727.778958
2021-11-13 09:00:00.000,683.988771
2021-11-13 08:00:00.000,593.241058
2021-11-13 07:00:00.000,463.55068
2021-11-13 06:00:00.000,490.578815
2021-11-13 05:00:00.000,463.88652
2021-11-13 04:00:00.000,461.599325
2021-11-13 03:00:00.000,462.00119
2021-11-13 02:00:00.000,478.22217
2021-11-13 01:00:00.000,508.64816
2021-11-13 00:00:00.000,566.37851
2021-11-12 23:00:00.000,634.472625
2021-11-12 22:00:00.000,682.979435
2021-11-12 21:00:00.000,700.07236
2021-11-12 20:00:00.000,737.68326
2021-11-12 19:00:00.000,763.866815
2021-11-12 18:00:00.000,798.113515
2021-11-12 17:00:00.000,787.31496
2021-11-12 16:00:00.000,700.142947
2021-11-12 15:00:00.000,693.397309
2021-11-12 14:00:00.000,706.546389
2021-11-12 13:00:00.000,704.42672
2021-11-12 12:00:00.000,706.385693
2021-11-12 11:00:00.000,787.83563
2021-11-12 10:00:00.000,770.638142
2021-11-12 09:00:00.000,741.818095
2021-11-12 08:00:00.000,656.105727
2021-11-12 07:00:00.000,514.23721
2021-11-12 06:00:00.000,508.998607
2021-11-12 05:00:00.000,470.720965
2021-11-12 04:00:00.000,461.45998
2021-11-12 03:00:00.000,465.10451
2021-11-12 02:00:00.000,482.73828
2021-11-12 01:00:00.000,515.92375
2021-11-12 00:00:00.000,569.8772
2021-11-11 23:00:00.000,630.00202
2021-11-11 22:00:00.000,686.050605
2021-11-11 21:00:00.000,702.936585
2021-11-11 20:00:00.000,737.36294
2021-11-11 19:00:00.000,770.287605
2021-11-11 18:00:00.000,804.769505
2021-11-11 17:00:00.000,795.70134
2021-11-11 16:00:00.000,714.859708
2021-11-11 15:00:00.000,703.172542
2021-11-11 14:00:00.000,729.736671
2021-11-11 13:00:00.000,732.316844
2021-11-11 12:00:00.000,715.786341
2021-11-11 11:00:00.000,775.058539
2021-11-11 10:00:00.000,762.359208
2021-11-11 09:00:00.000,727.146672
2021-11-11 08:00:00.000,630.674832
2021-11-11 07:00:00.000,494.666898
2021-11-11 06:00:00.000,502.461981
2021-11-11 05:00:00.000,465.84371
2021-11-11 04:00:00.000,460.800775
2021-11-11 03:00:00.000,464.83764
2021-11-11 02:00:00.000,476.84279
2021-11-11 01:00:00.000,504.48783
2021-11-11 00:00:00.000,553.764355
2021-11-10 23:00:00.000,617.377255
2021-11-10 22:00:00.000,667.398685
2021-11-10 21:00:00.000,688.10084
2021-11-10 20:00:00.000,725.8186
2021-11-10 19:00:00.000,759.22216
2021-11-10 18:00:00.000,789.368745
2021-11-10 17:00:00.000,784.172705
2021-11-10 16:00:00.000,721.399695
2021-11-10 15:00:00.000,717.60762
2021-11-10 14:00:00.000,728.569507
2021-11-10 13:00:00.000,719.632159
2021-11-10 12:00:00.000,705.358766
2021-11-10 11:00:00.000,748.104116
2021-11-10 10:00:00.000,724.886237
2021-11-10 09:00:00.000,692.812522
2021-11-10 08:00:00.000,612.081146
2021-11-10 07:00:00.000,486.394135
2021-11-10 06:00:00.000,485.004735
2021-11-10 05:00:00.000,452.98323
2021-11-10 04:00:00.000,448.280505
2021-11-10 03:00:00.000,449.499685
2021-11-10 02:00:00.000,462.34092
2021-11-10 01:00:00.000,488.83221
2021-11-10 00:00:00.000,537.163295
2021-11-09 23:00:00.000,598.095955
2021-11-09 22:00:00.000,649.582965
2021-11-09 21:00:00.000,671.00039
2021-11-09 20:00:00.000,703.85168
2021-11-09 19:00:00.000,731.826255
2021-11-09 18:00:00.000,760.73129
2021-11-09 17:00:00.000,738.16161
2021-11-09 16:00:00.000,659.913807
2021-11-09 15:00:00.000,651.681923
2021-11-09 14:00:00.000,653.938289
2021-11-09 13:00:00.000,657.226703
2021-11-09 12:00:00.000,643.898506
2021-11-09 11:00:00.000,708.813824
2021-11-09 10:00:00.000,701.02338
2021-11-09 09:00:00.000,678.243772
2021-11-09 08:00:00.000,617.524603
2021-11-09 07:00:00.000,494.080668
2021-11-09 06:00:00.000,492.600037
2021-11-09 05:00:00.000,457.4737
2021-11-09 04:00:00.000,450.173415
2021-11-09 03:00:00.000,446.820375
2021-11-09 02:00:00.000,465.003975
2021-11-09 01:00:00.000,494.66987
2021-11-09 00:00:00.000,542.89537
2021-11-08 23:00:00.000,606.07017
2021-11-08 22:00:00.000,656.591125
2021-11-08 21:00:00.000,678.81104
2021-11-08 20:00:00.000,712.15715
2021-11-08 19:00:00.000,744.53336
2021-11-08 18:00:00.000,766.81788
2021-11-08 17:00:00.000,731.18273
2021-11-08 16:00:00.000,674.82474
2021-11-08 15:00:00.000,656.101135
2021-11-08 14:00:00.000,665.142232
2021-11-08 13:00:00.000,650.275975
2021-11-08 12:00:00.000,658.431188
2021-11-08 11:00:00.000,720.510727
2021-11-08 10:00:00.000,712.78184
2021-11-08 09:00:00.000,681.77482
2021-11-08 08:00:00.000,617.044853
2021-11-08 07:00:00.000,486.73952
2021-11-08 06:00:00.000,478.375694
2021-11-08 05:00:00.000,440.360345
2021-11-08 04:00:00.000,432.21046
2021-11-08 03:00:00.000,435.04915
2021-11-08 02:00:00.000,446.98028
2021-11-08 01:00:00.000,475.57738
2021-11-08 00:00:00.000,524.620775
2021-11-07 23:00:00.000,592.039705
2021-11-07 22:00:00.000,643.42296
2021-11-07 21:00:00.000,671.371485
2021-11-07 20:00:00.000,703.36187
2021-11-07 19:00:00.000,725.91127
2021-11-07 18:00:00.000,740.919815
2021-11-07 17:00:00.000,685.47561
2021-11-07 16:00:00.000,594.784774
2021-11-07 15:00:00.000,582.529138
2021-11-07 14:00:00.000,585.414304
2021-11-07 13:00:00.000,598.650574
2021-11-07 12:00:00.000,593.730437
2021-11-07 11:00:00.000,614.76849
2021-11-07 10:00:00.000,589.164525
2021-11-07 09:00:00.000,535.097548
2021-11-07 08:00:00.000,476.164939
2021-11-07 07:00:00.000,413.231449
2021-11-07 06:00:00.000,459.211388
2021-11-07 05:00:00.000,443.39897
2021-11-07 04:00:00.000,443.95248
2021-11-07 03:00:00.000,449.014325
2021-11-07 02:00:00.000,470.14183
2021-11-07 01:00:00.000,504.569385
2021-11-07 00:00:00.000,555.34114
2021-11-06 23:00:00.000,611.068635
2021-11-06 22:00:00.000,646.921665
2021-11-06 21:00:00.000,671.16713
2021-11-06 20:00:00.000,703.75061
2021-11-06 19:00:00.000,730.51565
2021-11-06 18:00:00.000,762.725675
2021-11-06 17:00:00.000,713.840095
2021-11-06 16:00:00.000,636.637298
2021-11-06 15:00:00.000,637.481853
2021-11-06 14:00:00.000,663.391347
2021-11-06 13:00:00.000,670.417135
2021-11-06 12:00:00.000,666.643978
2021-11-06 11:00:00.000,713.801561
2021-11-06 10:00:00.000,696.768479
2021-11-06 09:00:00.000,653.920356
2021-11-06 08:00:00.000,575.289134
2021-11-06 07:00:00.000,453.214989
2021-11-06 06:00:00.000,478.146914
2021-11-06 05:00:00.000,457.227885
2021-11-06 04:00:00.000,455.24094
2021-11-06 03:00:00.000,449.26198
2021-11-06 02:00:00.000,468.378935
2021-11-06 01:00:00.000,495.55692
2021-11-06 00:00:00.000,554.996195
2021-11-05 23:00:00.000,616.66934
2021-11-05 22:00:00.000,656.264645
2021-11-05 21:00:00.000,670.618505
2021-11-05 20:00:00.000,704.313065
2021-11-05 19:00:00.000,735.1759399999999
2021-11-05 18:00:00.000,761.930855
2021-11-05 17:00:00.000,731.488475
2021-11-05 16:00:00.000,664.371426
2021-11-05 15:00:00.000,661.24752
2021-11-05 14:00:00.000,676.518171
2021-11-05 13:00:00.000,658.875741
2021-11-05 12:00:00.000,620.247396
2021-11-05 11:00:00.000,701.95278
2021-11-05 10:00:00.000,712.607355
2021-11-05 09:00:00.000,698.875291
2021-11-05 08:00:00.000,638.253847
2021-11-05 07:00:00.000,505.702104
2021-11-05 06:00:00.000,504.200536
2021-11-05 05:00:00.000,467.942325
2021-11-05 04:00:00.000,457.84798
2021-11-05 03:00:00.000,459.70561
2021-11-05 02:00:00.000,472.38586
2021-11-05 01:00:00.000,504.823005
2021-11-05 00:00:00.000,552.97701
2021-11-04 23:00:00.000,621.481425
2021-11-04 22:00:00.000,666.022655
2021-11-04 21:00:00.000,685.908935
2021-11-04 20:00:00.000,717.475785
2021-11-04 19:00:00.000,745.17381
2021-11-04 18:00:00.000,770.52244
2021-11-04 17:00:00.000,724.32241
2021-11-04 16:00:00.000,663.37829
2021-11-04 15:00:00.000,660.474086
2021-11-04 14:00:00.000,677.7862
2021-11-04 13:00:00.000,677.062075
2021-11-04 12:00:00.000,662.22531
2021-11-04 11:00:00.000,728.801322
2021-11-04 10:00:00.000,726.718209
2021-11-04 09:00:00.000,697.674748
2021-11-04 08:00:00.000,636.849028
2021-11-04 07:00:00.000,502.61
2021-11-04 06:00:00.000,496.099164
2021-11-04 05:00:00.000,465.85568
2021-11-04 04:00:00.000,455.914265
2021-11-04 03:00:00.000,458.447595
2021-11-04 02:00:00.000,469.06388
2021-11-04 01:00:00.000,499.373905
2021-11-04 00:00:00.000,553.15925
2021-11-03 23:00:00.000,622.702675
2021-11-03 22:00:00.000,669.8753
2021-11-03 21:00:00.000,685.913725
2021-11-03 20:00:00.000,725.315185
2021-11-03 19:00:00.000,759.77586
2021-11-03 18:00:00.000,765.13418
2021-11-03 17:00:00.000,741.26447
2021-11-03 16:00:00.000,682.637922
2021-11-03 15:00:00.000,685.323996
2021-11-03 14:00:00.000,703.087902
2021-11-03 13:00:00.000,701.846648
2021-11-03 12:00:00.000,676.859613
2021-11-03 11:00:00.000,740.822792
2021-11-03 10:00:00.000,724.369083
2021-11-03 09:00:00.000,694.790318
2021-11-03 08:00:00.000,620.696748
2021-11-03 07:00:00.000,494.853085
2021-11-03 06:00:00.000,497.220465
2021-11-03 05:00:00.000,465.914085
2021-11-03 04:00:00.000,453.20075
2021-11-03 03:00:00.000,457.897055
2021-11-03 02:00:00.000,470.154575
2021-11-03 01:00:00.000,495.71921
2021-11-03 00:00:00.000,544.743735
2021-11-02 23:00:00.000,611.296485
2021-11-02 22:00:00.000,665.057385
2021-11-02 21:00:00.000,690.71118
2021-11-02 20:00:00.000,724.17825
2021-11-02 19:00:00.000,755.01074
2021-11-02 18:00:00.000,781.734315
2021-11-02 17:00:00.000,745.528065
2021-11-02 16:00:00.000,699.025035
2021-11-02 15:00:00.000,694.236282
2021-11-02 14:00:00.000,712.438909
2021-11-02 13:00:00.000,707.171739
2021-11-02 12:00:00.000,678.169069
2021-11-02 11:00:00.000,741.274223
2021-11-02 10:00:00.000,726.585351
2021-11-02 09:00:00.000,688.930445
2021-11-02 08:00:00.000,626.757132
2021-11-02 07:00:00.000,493.427269
2021-11-02 06:00:00.000,492.09805
2021-11-02 05:00:00.000,466.293025
2021-11-02 04:00:00.000,454.720435
2021-11-02 03:00:00.000,456.839575
2021-11-02 02:00:00.000,470.22278
2021-11-02 01:00:00.000,495.86088
2021-11-02 00:00:00.000,544.21682
2021-11-01 23:00:00.000,608.678775
2021-11-01 22:00:00.000,653.912985
2021-11-01 21:00:00.000,678.04457
2021-11-01 20:00:00.000,716.07478
2021-11-01 19:00:00.000,747.697335
2021-11-01 18:00:00.000,773.49965
2021-11-01 17:00:00.000,748.230245
2021-11-01 16:00:00.000,696.649368
2021-11-01 15:00:00.000,687.260254
2021-11-01 14:00:00.000,694.965965
2021-11-01 13:00:00.000,681.342112
2021-11-01 12:00:00.000,660.95092
2021-11-01 11:00:00.000,732.220835
2021-11-01 10:00:00.000,728.338755
2021-11-01 09:00:00.000,706.50101
2021-11-01 08:00:00.000,645.049963
2021-11-01 07:00:00.000,491.889894
2021-11-01 06:00:00.000,478.466768
2021-11-01 05:00:00.000,446.6581
2021-11-01 04:00:00.000,437.442245
2021-11-01 03:00:00.000,440.817795
2021-11-01 02:00:00.000,455.455435
2021-11-01 01:00:00.000,485.77119
2021-11-01 00:00:00.000,542.694987
2021-10-31 23:00:00.000,611.489579
2021-10-31 22:00:00.000,655.74664
2021-10-31 21:00:00.000,684.06419
2021-10-31 20:00:00.000,713.32525
2021-10-31 19:00:00.000,737.68605
2021-10-31 18:00:00.000,751.00271
2021-10-31 17:00:00.000,668.375555
2021-10-31 16:00:00.000,606.853946
2021-10-31 15:00:00.000,570.86016
2021-10-31 14:00:00.000,592.861542
2021-10-31 13:00:00.000,613.394809
2021-10-31 12:00:00.000,595.197998
2021-10-31 11:00:00.000,623.876268
2021-10-31 10:00:00.000,604.330981
2021-10-31 09:00:00.000,555.751998
2021-10-31 08:00:00.000,484.093638
2021-10-31 07:00:00.000,413.630303
2021-10-31 06:00:00.000,462.811207
2021-10-31 05:00:00.000,448.079875
2021-10-31 04:00:00.000,446.916625
2021-10-31 03:00:00.000,467.68664
2021-10-31 02:00:00.000,482.009153
2021-10-31 01:00:00.000,518.000043
2021-10-31 00:00:00.000,575.002565
2021-10-30 23:00:00.000,631.445005
2021-10-30 22:00:00.000,661.29027
2021-10-30 21:00:00.000,678.418155
2021-10-30 20:00:00.000,711.054665
2021-10-30 19:00:00.000,745.01825
2021-10-30 18:00:00.000,773.66747
2021-10-30 17:00:00.000,719.641518
2021-10-30 16:00:00.000,670.845913
2021-10-30 15:00:00.000,672.257735
2021-10-30 14:00:00.000,693.206917
2021-10-30 13:00:00.000,697.77926
2021-10-30 12:00:00.000,672.69344
2021-10-30 11:00:00.000,725.023668
2021-10-30 10:00:00.000,713.27696
2021-10-30 09:00:00.000,661.257722
2021-10-30 08:00:00.000,583.264895
2021-10-30 07:00:00.000,443.833544
2021-10-30 06:00:00.000,467.023985
2021-10-30 05:00:00.000,457.70411
2021-10-30 04:00:00.000,450.50851
2021-10-30 03:00:00.000,453.140785
2021-10-30 02:00:00.000,472.98495
2021-10-30 01:00:00.000,505.241895
2021-10-30 00:00:00.000,571.258274
2021-10-29 23:00:00.000,630.30231
2021-10-29 22:00:00.000,677.955187
2021-10-29 21:00:00.000,695.633028
2021-10-29 20:00:00.000,719.324365
2021-10-29 19:00:00.000,751.01888
2021-10-29 18:00:00.000,783.3164
2021-10-29 17:00:00.000,748.820501
2021-10-29 16:00:00.000,714.728383
2021-10-29 15:00:00.000,714.857525
2021-10-29 14:00:00.000,734.971684
2021-10-29 13:00:00.000,721.160862
2021-10-29 12:00:00.000,698.501856
2021-10-29 11:00:00.000,759.648375
2021-10-29 10:00:00.000,726.361489
2021-10-29 09:00:00.000,668.998977
2021-10-29 08:00:00.000,585.768916
2021-10-29 07:00:00.000,451.17593
2021-10-29 06:00:00.000,471.06967
2021-10-29 05:00:00.000,462.449115
2021-10-29 04:00:00.000,450.27921
2021-10-29 03:00:00.000,454.308615
2021-10-29 02:00:00.000,471.89104
2021-10-29 01:00:00.000,506.37231
2021-10-29 00:00:00.000,569.096024
2021-10-28 23:00:00.000,632.243679
2021-10-28 22:00:00.000,673.96469
2021-10-28 21:00:00.000,693.959975
2021-10-28 20:00:00.000,731.983355
2021-10-28 19:00:00.000,762.58525
2021-10-28 18:00:00.000,792.043775
2021-10-28 17:00:00.000,748.739081
2021-10-28 16:00:00.000,710.737739
2021-10-28 15:00:00.000,705.2639
2021-10-28 14:00:00.000,720.538986
2021-10-28 13:00:00.000,711.846672
2021-10-28 12:00:00.000,676.717474
2021-10-28 11:00:00.000,741.755334
2021-10-28 10:00:00.000,734.653318
2021-10-28 09:00:00.000,704.004022
2021-10-28 08:00:00.000,629.192083
2021-10-28 07:00:00.000,493.011482
2021-10-28 06:00:00.000,481.833795
2021-10-28 05:00:00.000,466.94437
2021-10-28 04:00:00.000,458.37266
2021-10-28 03:00:00.000,455.443725
2021-10-28 02:00:00.000,472.96111
2021-10-28 01:00:00.000,498.439775
2021-10-28 00:00:00.000,557.887035
2021-10-27 23:00:00.000,631.793904
2021-10-27 22:00:00.000,671.891235
2021-10-27 21:00:00.000,700.325225
2021-10-27 20:00:00.000,741.084365
2021-10-27 19:00:00.000,770.86183
2021-10-27 18:00:00.000,791.45651
2021-10-27 17:00:00.000,722.406115
2021-10-27 16:00:00.000,687.845984
2021-10-27 15:00:00.000,703.730778
2021-10-27 14:00:00.000,702.547165
2021-10-27 13:00:00.000,695.685234
2021-10-27 12:00:00.000,673.577363
2021-10-27 11:00:00.000,743.502083
2021-10-27 10:00:00.000,735.725469
2021-10-27 09:00:00.000,713.259928
2021-10-27 08:00:00.000,620.899076
2021-10-27 07:00:00.000,480.81798
2021-10-27 06:00:00.000,473.02916
2021-10-27 05:00:00.000,465.93263
2021-10-27 04:00:00.000,456.202325
2021-10-27 03:00:00.000,460.14948
2021-10-27 02:00:00.000,472.561055
2021-10-27 01:00:00.000,500.259655
2021-10-27 00:00:00.000,564.580214
2021-10-26 23:00:00.000,635.62889
2021-10-26 22:00:00.000,676.180245
2021-10-26 21:00:00.000,704.099895
2021-10-26 20:00:00.000,742.42766
2021-10-26 19:00:00.000,776.76061
2021-10-26 18:00:00.000,795.014715
2021-10-26 17:00:00.000,733.72305
2021-10-26 16:00:00.000,703.248283
2021-10-26 15:00:00.000,711.040264
2021-10-26 14:00:00.000,716.782392
2021-10-26 13:00:00.000,712.478169
2021-10-26 12:00:00.000,687.453253
2021-10-26 11:00:00.000,749.673082
2021-10-26 10:00:00.000,740.854714
2021-10-26 09:00:00.000,704.338729
2021-10-26 08:00:00.000,630.909621
2021-10-26 07:00:00.000,500.897462
2021-10-26 06:00:00.000,480.138195
2021-10-26 05:00:00.000,466.499005
2021-10-26 04:00:00.000,460.952117
2021-10-26 03:00:00.000,455.59201
2021-10-26 02:00:00.000,469.59466
2021-10-26 01:00:00.000,499.653475
2021-10-26 00:00:00.000,558.466365
2021-10-25 23:00:00.000,625.149195
2021-10-25 22:00:00.000,667.495
2021-10-25 21:00:00.000,692.52347
2021-10-25 20:00:00.000,734.774255
2021-10-25 19:00:00.000,778.453749
2021-10-25 18:00:00.000,793.68338
2021-10-25 17:00:00.000,736.35319
2021-10-25 16:00:00.000,714.214736
2021-10-25 15:00:00.000,712.899343
2021-10-25 14:00:00.000,721.841062
2021-10-25 13:00:00.000,717.371432
2021-10-25 12:00:00.000,689.744739
2021-10-25 11:00:00.000,735.756793
2021-10-25 10:00:00.000,715.126381
2021-10-25 09:00:00.000,685.181243
2021-10-25 08:00:00.000,601.294753
2021-10-25 07:00:00.000,476.478918
2021-10-25 06:00:00.000,446.003595
2021-10-25 05:00:00.000,436.11032
2021-10-25 04:00:00.000,415.77979
2021-10-25 03:00:00.000,422.413716
2021-10-25 02:00:00.000,434.936714
2021-10-25 01:00:00.000,461.679205
2021-10-25 00:00:00.000,514.64896
2021-10-24 23:00:00.000,577.33194
2021-10-24 22:00:00.000,630.1257
2021-10-24 21:00:00.000,670.09181
2021-10-24 20:00:00.000,707.707713
2021-10-24 19:00:00.000,720.61084
2021-10-24 18:00:00.000,732.429355
2021-10-24 17:00:00.000,634.463118
2021-10-24 16:00:00.000,570.439071
2021-10-24 15:00:00.000,559.10831
2021-10-24 14:00:00.000,572.9404
2021-10-24 13:00:00.000,583.768248
2021-10-24 12:00:00.000,576.444789
2021-10-24 11:00:00.000,600.224284
2021-10-24 10:00:00.000,582.712928
2021-10-24 09:00:00.000,527.504289
2021-10-24 08:00:00.000,468.170869
2021-10-24 07:00:00.000,395.11975
2021-10-24 06:00:00.000,413.268875
2021-10-24 05:00:00.000,422.556015
2021-10-24 04:00:00.000,427.036608
2021-10-24 03:00:00.000,424.603335
2021-10-24 02:00:00.000,441.33793
2021-10-24 01:00:00.000,471.452915
2021-10-24 00:00:00.000,533.459006
2021-10-23 23:00:00.000,609.827814
2021-10-23 22:00:00.000,644.204065
2021-10-23 21:00:00.000,661.530145
2021-10-23 20:00:00.000,695.345625
2021-10-23 19:00:00.000,722.243195
2021-10-23 18:00:00.000,736.497595
2021-10-23 17:00:00.000,641.728219
2021-10-23 16:00:00.000,622.790508
2021-10-23 15:00:00.000,634.44694
2021-10-23 14:00:00.000,653.365491
2021-10-23 13:00:00.000,656.641269
2021-10-23 12:00:00.000,641.203232
2021-10-23 11:00:00.000,700.13856
2021-10-23 10:00:00.000,683.32772
2021-10-23 09:00:00.000,651.80176
2021-10-23 08:00:00.000,567.378468
2021-10-23 07:00:00.000,434.22853
2021-10-23 06:00:00.000,444.762595
2021-10-23 05:00:00.000,444.22903
2021-10-23 04:00:00.000,455.073366
2021-10-23 03:00:00.000,445.196225
2021-10-23 02:00:00.000,460.734785
2021-10-23 01:00:00.000,489.56348
2021-10-23 00:00:00.000,548.177513
2021-10-22 23:00:00.000,615.589866
2021-10-22 22:00:00.000,656.25334
2021-10-22 21:00:00.000,679.55858
2021-10-22 20:00:00.000,713.43164
2021-10-22 19:00:00.000,742.43862
2021-10-22 18:00:00.000,760.65562
2021-10-22 17:00:00.000,686.64847
2021-10-22 16:00:00.000,669.525228
2021-10-22 15:00:00.000,675.274211
2021-10-22 14:00:00.000,687.464803
2021-10-22 13:00:00.000,678.492884
2021-10-22 12:00:00.000,635.264388
2021-10-22 11:00:00.000,721.665382
2021-10-22 10:00:00.000,714.985675
2021-10-22 09:00:00.000,690.184422
2021-10-22 08:00:00.000,622.427818
2021-10-22 07:00:00.000,504.440826
2021-10-22 06:00:00.000,471.735695
2021-10-22 05:00:00.000,463.18918
2021-10-22 04:00:00.000,454.03558
2021-10-22 03:00:00.000,457.66891
2021-10-22 02:00:00.000,469.973775
2021-10-22 01:00:00.000,500.598745
2021-10-22 00:00:00.000,564.337477
2021-10-21 23:00:00.000,628.907303
2021-10-21 22:00:00.000,672.846455
2021-10-21 21:00:00.000,696.766845
2021-10-21 20:00:00.000,741.661739
2021-10-21 19:00:00.000,758.504595
2021-10-21 18:00:00.000,774.50133
2021-10-21 17:00:00.000,684.469361
2021-10-21 16:00:00.000,666.439146
2021-10-21 15:00:00.000,669.45232
2021-10-21 14:00:00.000,680.926565
2021-10-21 13:00:00.000,678.620986
2021-10-21 12:00:00.000,651.810147
2021-10-21 11:00:00.000,717.975255
2021-10-21 10:00:00.000,710.256466
2021-10-21 09:00:00.000,688.686722
2021-10-21 08:00:00.000,620.275588
2021-10-21 07:00:00.000,488.239541
2021-10-21 06:00:00.000,466.830455
2021-10-21 05:00:00.000,461.166405
2021-10-21 04:00:00.000,450.190665
2021-10-21 03:00:00.000,449.952715
2021-10-21 02:00:00.000,465.810795
2021-10-21 01:00:00.000,497.804885
2021-10-21 00:00:00.000,555.322878
2021-10-20 23:00:00.000,623.302004
2021-10-20 22:00:00.000,665.709485
2021-10-20 21:00:00.000,687.912915
2021-10-20 20:00:00.000,728.88718
2021-10-20 19:00:00.000,758.98245
2021-10-20 18:00:00.000,778.90543
2021-10-20 17:00:00.000,711.876068
2021-10-20 16:00:00.000,695.220746
2021-10-20 15:00:00.000,695.899385
2021-10-20 14:00:00.000,703.71408
2021-10-20 13:00:00.000,716.769424
2021-10-20 12:00:00.000,672.590455
2021-10-20 11:00:00.000,738.820529
2021-10-20 10:00:00.000,721.161579
2021-10-20 09:00:00.000,693.908804
2021-10-20 08:00:00.000,623.136388
2021-10-20 07:00:00.000,491.548423
2021-10-20 06:00:00.000,468.36799
2021-10-20 05:00:00.000,460.91394
2021-10-20 04:00:00.000,446.837735
2021-10-20 03:00:00.000,451.29942
2021-10-20 02:00:00.000,465.752635
2021-10-20 01:00:00.000,493.535705
2021-10-20 00:00:00.000,558.31403
2021-10-19 23:00:00.000,622.562217
2021-10-19 22:00:00.000,656.22575
2021-10-19 21:00:00.000,677.955645
2021-10-19 20:00:00.000,722.81878
2021-10-19 19:00:00.000,755.81662
2021-10-19 18:00:00.000,779.452165
2021-10-19 17:00:00.000,719.779187
2021-10-19 16:00:00.000,712.557435
2021-10-19 15:00:00.000,715.432424
2021-10-19 14:00:00.000,722.851649
2021-10-19 13:00:00.000,712.613424
2021-10-19 12:00:00.000,677.657813
2021-10-19 11:00:00.000,730.341848
2021-10-19 10:00:00.000,705.847028
2021-10-19 09:00:00.000,680.838835
2021-10-19 08:00:00.000,619.824481
2021-10-19 07:00:00.000,479.704612
2021-10-19 06:00:00.000,457.314835
2021-10-19 05:00:00.000,458.595365
2021-10-19 04:00:00.000,444.79439
2021-10-19 03:00:00.000,446.2951
2021-10-19 02:00:00.000,456.39221
2021-10-19 01:00:00.000,484.92646
2021-10-19 00:00:00.000,540.92395
2021-10-18 23:00:00.000,603.123418
2021-10-18 22:00:00.000,645.113245
2021-10-18 21:00:00.000,670.844585
2021-10-18 20:00:00.000,706.184745
2021-10-18 19:00:00.000,736.340385
2021-10-18 18:00:00.000,760.79515
2021-10-18 17:00:00.000,696.251301
2021-10-18 16:00:00.000,684.162706
2021-10-18 15:00:00.000,677.340313
2021-10-18 14:00:00.000,691.171722
2021-10-18 13:00:00.000,672.70411
2021-10-18 12:00:00.000,656.334483
2021-10-18 11:00:00.000,705.87285
2021-10-18 10:00:00.000,689.209631
2021-10-18 09:00:00.000,651.279277
2021-10-18 08:00:00.000,583.046214
2021-10-18 07:00:00.000,466.096205
2021-10-18 06:00:00.000,439.73076
2021-10-18 05:00:00.000,440.00894
2021-10-18 04:00:00.000,426.942365
2021-10-18 03:00:00.000,429.994325
2021-10-18 02:00:00.000,442.882815
2021-10-18 01:00:00.000,467.50854
2021-10-18 00:00:00.000,521.464663
2021-10-17 23:00:00.000,585.128376
2021-10-17 22:00:00.000,630.40947
2021-10-17 21:00:00.000,659.46441
2021-10-17 20:00:00.000,686.09944
2021-10-17 19:00:00.000,714.712295
2021-10-17 18:00:00.000,727.004545
2021-10-17 17:00:00.000,621.832281
2021-10-17 16:00:00.000,580.500261
2021-10-17 15:00:00.000,574.627584
2021-10-17 14:00:00.000,582.719564
2021-10-17 13:00:00.000,589.751754
2021-10-17 12:00:00.000,575.951757
2021-10-17 11:00:00.000,585.214965
2021-10-17 10:00:00.000,572.398232
2021-10-17 09:00:00.000,502.878948
2021-10-17 08:00:00.000,441.650477
2021-10-17 07:00:00.000,386.74712
2021-10-17 06:00:00.000,411.031015
2021-10-17 05:00:00.000,435.55512
2021-10-17 04:00:00.000,436.984584
2021-10-17 03:00:00.000,432.69251
2021-10-17 02:00:00.000,452.49185
2021-10-17 01:00:00.000,483.42287
2021-10-17 00:00:00.000,543.596234
2021-10-16 23:00:00.000,577.83603
2021-10-16 22:00:00.000,620.12455
2021-10-16 21:00:00.000,644.864565
2021-10-16 20:00:00.000,679.088645
2021-10-16 19:00:00.000,709.7208
2021-10-16 18:00:00.000,724.14518
2021-10-16 17:00:00.000,623.213023
2021-10-16 16:00:00.000,617.133437
2021-10-16 15:00:00.000,623.884885
2021-10-16 14:00:00.000,634.597074
2021-10-16 13:00:00.000,641.615084
2021-10-16 12:00:00.000,610.487191
2021-10-16 11:00:00.000,670.669402
2021-10-16 10:00:00.000,660.637951
2021-10-16 09:00:00.000,620.518952
2021-10-16 08:00:00.000,549.841508
2021-10-16 07:00:00.000,431.643541
2021-10-16 06:00:00.000,436.928845
2021-10-16 05:00:00.000,451.734475
2021-10-16 04:00:00.000,443.36955
2021-10-16 03:00:00.000,444.34065
2021-10-16 02:00:00.000,458.991435
2021-10-16 01:00:00.000,489.23174
2021-10-16 00:00:00.000,543.55731
2021-10-15 23:00:00.000,601.551915
2021-10-15 22:00:00.000,645.17667
2021-10-15 21:00:00.000,667.623955
2021-10-15 20:00:00.000,702.87003
2021-10-15 19:00:00.000,730.52796
2021-10-15 18:00:00.000,746.48881
2021-10-15 17:00:00.000,661.851322
2021-10-15 16:00:00.000,648.441512
2021-10-15 15:00:00.000,651.855876
2021-10-15 14:00:00.000,662.896202
2021-10-15 13:00:00.000,652.099194
2021-10-15 12:00:00.000,628.140565
2021-10-15 11:00:00.000,716.924253
2021-10-15 10:00:00.000,697.912852
2021-10-15 09:00:00.000,669.717201
2021-10-15 08:00:00.000,602.365413
2021-10-15 07:00:00.000,478.039666
2021-10-15 06:00:00.000,455.65058
2021-10-15 05:00:00.000,459.64341
2021-10-15 04:00:00.000,446.82044
2021-10-15 03:00:00.000,457.701135
2021-10-15 02:00:00.000,464.79266
2021-10-15 01:00:00.000,489.335905
2021-10-15 00:00:00.000,546.23701
2021-10-14 23:00:00.000,605.483871
2021-10-14 22:00:00.000,650.49555
2021-10-14 21:00:00.000,677.51575
2021-10-14 20:00:00.000,708.06403
2021-10-14 19:00:00.000,742.484175
2021-10-14 18:00:00.000,761.005905
2021-10-14 17:00:00.000,685.032302
2021-10-14 16:00:00.000,690.092624
2021-10-14 15:00:00.000,696.276555
2021-10-14 14:00:00.000,705.061054
2021-10-14 13:00:00.000,692.434511
2021-10-14 12:00:00.000,655.263372
2021-10-14 11:00:00.000,717.015425
2021-10-14 10:00:00.000,700.424666
2021-10-14 09:00:00.000,665.712934
2021-10-14 08:00:00.000,597.487838
2021-10-14 07:00:00.000,484.507865
2021-10-14 06:00:00.000,448.69282
2021-10-14 05:00:00.000,456.325645
2021-10-14 04:00:00.000,444.821765
2021-10-14 03:00:00.000,445.3461
2021-10-14 02:00:00.000,460.98137
2021-10-14 01:00:00.000,487.889935
2021-10-14 00:00:00.000,542.156355
2021-10-13 23:00:00.000,603.09726
2021-10-13 22:00:00.000,643.137325
2021-10-13 21:00:00.000,665.289295
2021-10-13 20:00:00.000,703.68111
2021-10-13 19:00:00.000,733.839045
2021-10-13 18:00:00.000,743.252955
2021-10-13 17:00:00.000,652.188442
2021-10-13 16:00:00.000,656.18906
2021-10-13 15:00:00.000,663.224521
2021-10-13 14:00:00.000,672.783928
2021-10-13 13:00:00.000,668.514301
2021-10-13 12:00:00.000,640.330821
2021-10-13 11:00:00.000,697.903395
2021-10-13 10:00:00.000,691.381173
2021-10-13 09:00:00.000,665.922214
2021-10-13 08:00:00.000,599.588963
2021-10-13 07:00:00.000,481.125583
2021-10-13 06:00:00.000,449.769385
2021-10-13 05:00:00.000,457.612635
2021-10-13 04:00:00.000,443.641725
2021-10-13 03:00:00.000,450.89731
2021-10-13 02:00:00.000,480.450089
2021-10-13 01:00:00.000,507.940095
2021-10-13 00:00:00.000,549.309582
2021-10-12 23:00:00.000,608.928964
2021-10-12 22:00:00.000,643.77956
2021-10-12 21:00:00.000,673.793265
2021-10-12 20:00:00.000,710.17054
2021-10-12 19:00:00.000,741.39703
2021-10-12 18:00:00.000,748.716975
2021-10-12 17:00:00.000,649.378047
2021-10-12 16:00:00.000,662.805305
2021-10-12 15:00:00.000,677.453306
2021-10-12 14:00:00.000,685.411174
2021-10-12 13:00:00.000,676.276711
2021-10-12 12:00:00.000,645.223683
2021-10-12 11:00:00.000,709.770809
2021-10-12 10:00:00.000,696.008457
2021-10-12 09:00:00.000,666.297498
2021-10-12 08:00:00.000,602.233227
2021-10-12 07:00:00.000,475.245909
2021-10-12 06:00:00.000,446.268085
2021-10-12 05:00:00.000,455.19492
2021-10-12 04:00:00.000,442.689685
2021-10-12 03:00:00.000,444.38977
2021-10-12 02:00:00.000,458.213965
2021-10-12 01:00:00.000,487.49785
2021-10-12 00:00:00.000,544.070784
2021-10-11 23:00:00.000,608.097705
2021-10-11 22:00:00.000,654.156695
2021-10-11 21:00:00.000,673.360195
2021-10-11 20:00:00.000,713.2561
2021-10-11 19:00:00.000,743.0824249999998
2021-10-11 18:00:00.000,750.8211
2021-10-11 17:00:00.000,659.411053
2021-10-11 16:00:00.000,664.994262
2021-10-11 15:00:00.000,668.073437
2021-10-11 14:00:00.000,682.490972
2021-10-11 13:00:00.000,681.276178
2021-10-11 12:00:00.000,648.645246
2021-10-11 11:00:00.000,710.424754
2021-10-11 10:00:00.000,697.883875
2021-10-11 09:00:00.000,666.700223
2021-10-11 08:00:00.000,601.718644
2021-10-11 07:00:00.000,472.604395
2021-10-11 06:00:00.000,436.08554
2021-10-11 05:00:00.000,441.650645
2021-10-11 04:00:00.000,425.050795
2021-10-11 03:00:00.000,431.498625
2021-10-11 02:00:00.000,443.37064
2021-10-11 01:00:00.000,468.82619
2021-10-11 00:00:00.000,522.032315
2021-10-10 23:00:00.000,589.148593
2021-10-10 22:00:00.000,630.944695
2021-10-10 21:00:00.000,662.55613
2021-10-10 20:00:00.000,698.133755
2021-10-10 19:00:00.000,717.77573
2021-10-10 18:00:00.000,709.365165
2021-10-10 17:00:00.000,591.9942
2021-10-10 16:00:00.000,584.443696
2021-10-10 15:00:00.000,575.071748
2021-10-10 14:00:00.000,586.963662
2021-10-10 13:00:00.000,594.474916
2021-10-10 12:00:00.000,590.165365
2021-10-10 11:00:00.000,601.367188
2021-10-10 10:00:00.000,582.690723
2021-10-10 09:00:00.000,523.431248
2021-10-10 08:00:00.000,459.87657
2021-10-10 07:00:00.000,401.974356
2021-10-10 06:00:00.000,411.044815
2021-10-10 05:00:00.000,438.57347
2021-10-10 04:00:00.000,434.943235
2021-10-10 03:00:00.000,439.82439
2021-10-10 02:00:00.000,457.005195
2021-10-10 01:00:00.000,486.22943
2021-10-10 00:00:00.000,550.475258
2021-10-09 23:00:00.000,606.818496
2021-10-09 22:00:00.000,637.395065
2021-10-09 21:00:00.000,661.055005
2021-10-09 20:00:00.000,693.23893
2021-10-09 19:00:00.000,722.926485
2021-10-09 18:00:00.000,718.463245
2021-10-09 17:00:00.000,619.89293
2021-10-09 16:00:00.000,630.325867
2021-10-09 15:00:00.000,654.953095
2021-10-09 14:00:00.000,665.853556
2021-10-09 13:00:00.000,666.929092
2021-10-09 12:00:00.000,643.993476
2021-10-09 11:00:00.000,697.310029
2021-10-09 10:00:00.000,685.874586
2021-10-09 09:00:00.000,642.276639
2021-10-09 08:00:00.000,564.420609
2021-10-09 07:00:00.000,443.514379
2021-10-09 06:00:00.000,430.96907
2021-10-09 05:00:00.000,456.663225
2021-10-09 04:00:00.000,447.510945
2021-10-09 03:00:00.000,446.607205
2021-10-09 02:00:00.000,457.8609
2021-10-09 01:00:00.000,490.43628
2021-10-09 00:00:00.000,553.228801
2021-10-08 23:00:00.000,617.649854
2021-10-08 22:00:00.000,662.335645
2021-10-08 21:00:00.000,682.240585
2021-10-08 20:00:00.000,714.24108
2021-10-08 19:00:00.000,744.93827
2021-10-08 18:00:00.000,738.71987
2021-10-08 17:00:00.000,652.254843
2021-10-08 16:00:00.000,658.231758
2021-10-08 15:00:00.000,663.790904
2021-10-08 14:00:00.000,672.821805
2021-10-08 13:00:00.000,661.432901
2021-10-08 12:00:00.000,629.006326
2021-10-08 11:00:00.000,723.711461
2021-10-08 10:00:00.000,705.771073
2021-10-08 09:00:00.000,682.136202
2021-10-08 08:00:00.000,614.219904
2021-10-08 07:00:00.000,484.082251
2021-10-08 06:00:00.000,445.77008
2021-10-08 05:00:00.000,461.83651
2021-10-08 04:00:00.000,445.04465
2021-10-08 03:00:00.000,451.636961
2021-10-08 02:00:00.000,465.888213
2021-10-08 01:00:00.000,496.192424
2021-10-08 00:00:00.000,544.563367
2021-10-07 23:00:00.000,611.054215
2021-10-07 22:00:00.000,662.814755
2021-10-07 21:00:00.000,688.956565
2021-10-07 20:00:00.000,723.870025
2021-10-07 19:00:00.000,753.89593
2021-10-07 18:00:00.000,748.2362
2021-10-07 17:00:00.000,658.228656
2021-10-07 16:00:00.000,666.369906
2021-10-07 15:00:00.000,668.182059
2021-10-07 14:00:00.000,680.001926
2021-10-07 13:00:00.000,672.606045
2021-10-07 12:00:00.000,646.194852
2021-10-07 11:00:00.000,708.466528
2021-10-07 10:00:00.000,703.863213
2021-10-07 09:00:00.000,678.89508
2021-10-07 08:00:00.000,612.136128
2021-10-07 07:00:00.000,482.809014
2021-10-07 06:00:00.000,441.89379
2021-10-07 05:00:00.000,459.96473
2021-10-07 04:00:00.000,445.48328
2021-10-07 03:00:00.000,444.72682
2021-10-07 02:00:00.000,459.82797
2021-10-07 01:00:00.000,485.365085
2021-10-07 00:00:00.000,541.851385
2021-10-06 23:00:00.000,613.055016
2021-10-06 22:00:00.000,671.312869
2021-10-06 21:00:00.000,701.011532
2021-10-06 20:00:00.000,738.413098
2021-10-06 19:00:00.000,757.681835
2021-10-06 18:00:00.000,751.39655
2021-10-06 17:00:00.000,676.078222
2021-10-06 16:00:00.000,683.212331
2021-10-06 15:00:00.000,689.102689
2021-10-06 14:00:00.000,700.358607
2021-10-06 13:00:00.000,693.638265
2021-10-06 12:00:00.000,664.071525
2021-10-06 11:00:00.000,723.684386
2021-10-06 10:00:00.000,712.410603
2021-10-06 09:00:00.000,696.925436
2021-10-06 08:00:00.000,605.314865
2021-10-06 07:00:00.000,475.399508
2021-10-06 06:00:00.000,434.156215
2021-10-06 05:00:00.000,454.27457
2021-10-06 04:00:00.000,442.81705
2021-10-06 03:00:00.000,442.941405
2021-10-06 02:00:00.000,457.60497
2021-10-06 01:00:00.000,486.14731
2021-10-06 00:00:00.000,555.553242
2021-10-05 23:00:00.000,612.317912
2021-10-05 22:00:00.000,653.56847
2021-10-05 21:00:00.000,681.548455
2021-10-05 20:00:00.000,721.935395
2021-10-05 19:00:00.000,753.04428
2021-10-05 18:00:00.000,742.52621
2021-10-05 17:00:00.000,663.056363
2021-10-05 16:00:00.000,679.819558
2021-10-05 15:00:00.000,673.824913
2021-10-05 14:00:00.000,683.888742
2021-10-05 13:00:00.000,681.050803
2021-10-05 12:00:00.000,650.488098
2021-10-05 11:00:00.000,714.260184
2021-10-05 10:00:00.000,701.803998
2021-10-05 09:00:00.000,667.670823
2021-10-05 08:00:00.000,608.448358
2021-10-05 07:00:00.000,486.177379
2021-10-05 06:00:00.000,442.601539
2021-10-05 05:00:00.000,457.970365
2021-10-05 04:00:00.000,442.38802
2021-10-05 03:00:00.000,451.7946
2021-10-05 02:00:00.000,454.61069
2021-10-05 01:00:00.000,481.628525
2021-10-05 00:00:00.000,534.809804
2021-10-04 23:00:00.000,592.74954
2021-10-04 22:00:00.000,654.411025
2021-10-04 21:00:00.000,684.91035
2021-10-04 20:00:00.000,722.31807
2021-10-04 19:00:00.000,755.062965
2021-10-04 18:00:00.000,739.145131
2021-10-04 17:00:00.000,658.256174
2021-10-04 16:00:00.000,663.859776
2021-10-04 15:00:00.000,671.577815
2021-10-04 14:00:00.000,690.156543
2021-10-04 13:00:00.000,675.647312
2021-10-04 12:00:00.000,651.422682
2021-10-04 11:00:00.000,717.549518
2021-10-04 10:00:00.000,707.78985
2021-10-04 09:00:00.000,676.210211
2021-10-04 08:00:00.000,605.444367
2021-10-04 07:00:00.000,471.212241
2021-10-04 06:00:00.000,419.397145
2021-10-04 05:00:00.000,440.018095
2021-10-04 04:00:00.000,422.759735
2021-10-04 03:00:00.000,426.62909
2021-10-04 02:00:00.000,439.919215
2021-10-04 01:00:00.000,464.958815
2021-10-04 00:00:00.000,512.962835
2021-10-03 23:00:00.000,586.27086
2021-10-03 22:00:00.000,640.844465
2021-10-03 21:00:00.000,673.414105
2021-10-03 20:00:00.000,709.141745
2021-10-03 19:00:00.000,731.180085
2021-10-03 18:00:00.000,704.022255
2021-10-03 17:00:00.000,606.05318
2021-10-03 16:00:00.000,598.627813
2021-10-03 15:00:00.000,601.037893
2021-10-03 14:00:00.000,607.575267
2021-10-03 13:00:00.000,612.965866
2021-10-03 12:00:00.000,605.450512
2021-10-03 11:00:00.000,619.235118
2021-10-03 10:00:00.000,598.91688
2021-10-03 09:00:00.000,538.780622
2021-10-03 08:00:00.000,466.021019
2021-10-03 07:00:00.000,402.415729
2021-10-03 06:00:00.000,399.74356
2021-10-03 05:00:00.000,442.3923
2021-10-03 04:00:00.000,431.732575
2021-10-03 03:00:00.000,436.572635
2021-10-03 02:00:00.000,454.545925
2021-10-03 01:00:00.000,490.583175
2021-10-03 00:00:00.000,546.02027
2021-10-02 23:00:00.000,599.82643
2021-10-02 22:00:00.000,643.33523
2021-10-02 21:00:00.000,667.66361
2021-10-02 20:00:00.000,700.90608
2021-10-02 19:00:00.000,729.63265
2021-10-02 18:00:00.000,702.743916
2021-10-02 17:00:00.000,626.128064
2021-10-02 16:00:00.000,638.880865
2021-10-02 15:00:00.000,652.342909
2021-10-02 14:00:00.000,671.481701
2021-10-02 13:00:00.000,672.052623
2021-10-02 12:00:00.000,646.682312
2021-10-02 11:00:00.000,701.456656
2021-10-02 10:00:00.000,692.682433
2021-10-02 09:00:00.000,646.221054
2021-10-02 08:00:00.000,562.575292
2021-10-02 07:00:00.000,438.782825
2021-10-02 06:00:00.000,413.635947
2021-10-02 05:00:00.000,449.90582
2021-10-02 04:00:00.000,438.072485
2021-10-02 03:00:00.000,438.667465
2021-10-02 02:00:00.000,453.56482
2021-10-02 01:00:00.000,483.5605
2021-10-02 00:00:00.000,537.917515
2021-10-01 23:00:00.000,596.32837
2021-10-01 22:00:00.000,650.027645
2021-10-01 21:00:00.000,678.93998
2021-10-01 20:00:00.000,714.58735
2021-10-01 19:00:00.000,744.71272
2021-10-01 18:00:00.000,729.241005
2021-10-01 17:00:00.000,660.601483
2021-10-01 16:00:00.000,672.400151
2021-10-01 15:00:00.000,679.588153
2021-10-01 14:00:00.000,693.556089
2021-10-01 13:00:00.000,679.609206
2021-10-01 12:00:00.000,647.467686
2021-10-01 11:00:00.000,725.508473
2021-10-01 10:00:00.000,713.667453
2021-10-01 09:00:00.000,676.926617
2021-10-01 08:00:00.000,608.077719
2021-10-01 07:00:00.000,479.965714
2021-10-01 06:00:00.000,430.19773
2021-10-01 05:00:00.000,458.779455
2021-10-01 04:00:00.000,441.365935
2021-10-01 03:00:00.000,442.18879
2021-10-01 02:00:00.000,458.27139
2021-10-01 01:00:00.000,486.4448
2021-10-01 00:00:00.000,533.747885
